

{
    "a1": 0.7999999999999999,
    "a3": 0.7999999999999999,
    "a4": 0.2,
    "G_theta": 0.5,
    "G_k": 1,
    "E_lambda": 5,
    "U_b": 1,
    "U_a": 0,
    "distributions": [
        "Gamma",
        "Exponential",
        "Uniform"
    ], 
    "delta": 1e-5
}

